name;source;source_url;category;glass;instructions;ingredient;amount_ml;note
Fog Cutter;pdf24_zusammengefügt.pdf;;;Tiki Mug;Shake, strain & float. Garnish: Pineapple & cherry.;Light Rum;40;
Fog Cutter;pdf24_zusammengefügt.pdf;;;Tiki Mug;;Cognac;20;
Fog Cutter;pdf24_zusammengefügt.pdf;;;Tiki Mug;;Gin;10;
Fog Cutter;pdf24_zusammengefügt.pdf;;;Tiki Mug;;Orgeat;20;
Fog Cutter;pdf24_zusammengefügt.pdf;;;Tiki Mug;;Fresh Lime Juice;30;
Fog Cutter;pdf24_zusammengefügt.pdf;;;Tiki Mug;;Fresh Orange Juice;30;
Fog Cutter;pdf24_zusammengefügt.pdf;;;Tiki Mug;;Dry Sherry;10;float
Egg Nogg;pdf24_zusammengefügt.pdf;;;Highball;Dry shake, shake & fine strain. Garnish: grated nutmeg.;Whole Egg;;1
Egg Nogg;pdf24_zusammengefügt.pdf;;;Highball;;Water;15;
Egg Nogg;pdf24_zusammengefügt.pdf;;;Highball;;Sugar Syrup;10;
Egg Nogg;pdf24_zusammengefügt.pdf;;;Highball;;Cognac/Brandy;40;
Egg Nogg;pdf24_zusammengefügt.pdf;;;Highball;;Dark/Aged Rum;20;
Egg Nogg;pdf24_zusammengefügt.pdf;;;Highball;;Milk;80;
Tokio Iced Tea;pdf24_zusammengefügt.pdf;;;Highball;Shake, strain and top. Garnish: lemon wedge.;Vodka;20;
Tokio Iced Tea;pdf24_zusammengefügt.pdf;;;Highball;;Light Rum;20;
Tokio Iced Tea;pdf24_zusammengefügt.pdf;;;Highball;;Gin;20;
Tokio Iced Tea;pdf24_zusammengefügt.pdf;;;Highball;;Tequila;20;
Tokio Iced Tea;pdf24_zusammengefügt.pdf;;;Highball;;Melon Liqueur;20;
Tokio Iced Tea;pdf24_zusammengefügt.pdf;;;Highball;;Fresh Lemon Juice;20;
Tokio Iced Tea;pdf24_zusammengefügt.pdf;;;Highball;;Sugar Syrup;10;
Tokio Iced Tea;pdf24_zusammengefügt.pdf;;;Highball;;Sprite/Lemonade;;top
June Bug;pdf24_zusammengefügt.pdf;;;Highball;Shake and strain. Garnish: pineapple wedge.;Malibu;30;
June Bug;pdf24_zusammengefügt.pdf;;;Highball;;Melon Liqueur;20;
June Bug;pdf24_zusammengefügt.pdf;;;Highball;;Banana Liqueur;10;
June Bug;pdf24_zusammengefügt.pdf;;;Highball;;Sugar Syrup;5;
June Bug;pdf24_zusammengefügt.pdf;;;Highball;;Fresh Lemon Juice;5;
June Bug;pdf24_zusammengefügt.pdf;;;Highball;;Pineapple Juice;80;
Treacle;pdf24_zusammengefügt.pdf;;;Rocks;Soak, muddle, build & stir slowly. Garnish: 2 lemon zests.;Angostura-soaked sugar cube;;1 cube
Treacle;pdf24_zusammengefügt.pdf;;;Rocks;;Brown Sugar Cube;;1 cube
Treacle;pdf24_zusammengefügt.pdf;;;Rocks;;Angostura Bitters;;1 dash
Treacle;pdf24_zusammengefügt.pdf;;;Rocks;;Barspoon Soda;;1 barspoon
Treacle;pdf24_zusammengefügt.pdf;;;Rocks;;Dark/Aged Rum;60;
Treacle;pdf24_zusammengefügt.pdf;;;Rocks;;Cloudy Apple Juice;;fill
Fresh Fruit Martini;pdf24_zusammengefügt.pdf;;;Chilled Martini/Coupe;Muddle, shake & fine strain. Garnish: chosen fruit.;Fresh Fruit Puree;30;
Fresh Fruit Martini;pdf24_zusammengefügt.pdf;;;Chilled Martini/Coupe;;Vodka;50;
Fresh Fruit Martini;pdf24_zusammengefügt.pdf;;;Chilled Martini/Coupe;;Chosen Fruit Liqueur;10;
Fresh Fruit Martini;pdf24_zusammengefügt.pdf;;;Chilled Martini/Coupe;;Fresh Lemon Juice;20;
Fresh Fruit Martini;pdf24_zusammengefügt.pdf;;;Chilled Martini/Coupe;;Sugar Syrup;10;
Pegu Club Cocktail;pdf24_zusammengefügt.pdf;;;Chilled Martini/Coupe;Shake & fine strain. Garnish: lime zest.;Angostura Bitters;;2 dashes
Pegu Club Cocktail;pdf24_zusammengefügt.pdf;;;Chilled Martini/Coupe;;Gin;40;
Pegu Club Cocktail;pdf24_zusammengefügt.pdf;;;Chilled Martini/Coupe;;Cointreau;20;
Pegu Club Cocktail;pdf24_zusammengefügt.pdf;;;Chilled Martini/Coupe;;Fresh Lime Juice;20;
Between The Sheets;pdf24_zusammengefügt.pdf;;;Chilled Martini/Coupe;Shake & fine strain. Garnish: sugar rim & lemon zest.;Light Rum;20;
Between The Sheets;pdf24_zusammengefügt.pdf;;;Chilled Martini/Coupe;;Cognac/Brandy;20;
Between The Sheets;pdf24_zusammengefügt.pdf;;;Chilled Martini/Coupe;;Cointreau;20;
Between The Sheets;pdf24_zusammengefügt.pdf;;;Chilled Martini/Coupe;;Fresh Lemon Juice;15;
Mary Pickford;pdf24_zusammengefügt.pdf;;;Chilled Martini/Coupe;Shake & fine strain. Garnish: none.;Light Rum;60;
Mary Pickford;pdf24_zusammengefügt.pdf;;;Chilled Martini/Coupe;;Pineapple Juice;;4 dashes
Mary Pickford;pdf24_zusammengefügt.pdf;;;Chilled Martini/Coupe;;Grenadine;;1 barspoon
Mary Pickford;pdf24_zusammengefügt.pdf;;;Chilled Martini/Coupe;;Maraschino;;1 barspoon
Brandy Crusta;pdf24_zusammengefügt.pdf;;;Chilled Martini/Coupe;Shake & fine strain. Garnish: sugar rim & lemon zest.;Cognac/Brandy;40;
Brandy Crusta;pdf24_zusammengefügt.pdf;;;Chilled Martini/Coupe;;Cointreau;10;
Brandy Crusta;pdf24_zusammengefügt.pdf;;;Chilled Martini/Coupe;;Maraschino;10;
Brandy Crusta;pdf24_zusammengefügt.pdf;;;Chilled Martini/Coupe;;Fresh Lemon Juice;20;
P2;pdf24_zusammengefügt.pdf;;Additional Cocktails SWE/NO;Highball;Build. Garnish: lime wedge.;Vanilla Vodka;30;
P2;pdf24_zusammengefügt.pdf;;Additional Cocktails SWE/NO;Highball;;De Kuyper Apple Liqueur;30;
P2;pdf24_zusammengefügt.pdf;;Additional Cocktails SWE/NO;Highball;;Muddled Lime Cordial;20;
P2;pdf24_zusammengefügt.pdf;;Additional Cocktails SWE/NO;Highball;;Sprite;;fill
P3;pdf24_zusammengefügt.pdf;;Additional Cocktails SWE/NO;Highball;Build. Garnish: lime wedge.;Vanilla Vodka;20;
P3;pdf24_zusammengefügt.pdf;;Additional Cocktails SWE/NO;Highball;;De Kuyper Raspberry Liqueur;20;
P3;pdf24_zusammengefügt.pdf;;Additional Cocktails SWE/NO;Highball;;Rose Lime Cordial;20;
P3;pdf24_zusammengefügt.pdf;;Additional Cocktails SWE/NO;Highball;;Sprite;;fill
Lenmart;pdf24_zusammengefügt.pdf;;Additional Cocktails SWE/NO;Highball;Build. Garnish: lime wedge.;Finlandia Vodka;50;
Lenmart;pdf24_zusammengefügt.pdf;;Additional Cocktails SWE/NO;Highball;;Triple Sec;20;
Lenmart;pdf24_zusammengefügt.pdf;;Additional Cocktails SWE/NO;Highball;;Rose Lime Cordial;20;
Lenmart;pdf24_zusammengefügt.pdf;;Additional Cocktails SWE/NO;Highball;;Sprite;;fill
Ragnar;pdf24_zusammengefügt.pdf;;Additional Cocktails SWE/NO;Highball;Build. Garnish: lime wedge.;Koskenkorva;40;
Ragnar;pdf24_zusammengefügt.pdf;;Additional Cocktails SWE/NO;Highball;;Muddled Lime;20;
Ragnar;pdf24_zusammengefügt.pdf;;Additional Cocktails SWE/NO;Highball;;Sprite;;fill
Geting;pdf24_zusammengefügt.pdf;;Additional Cocktails SWE/NO;Highball;Build. Garnish: lemon wedge.;De Kuyper Banana;20;
Geting;pdf24_zusammengefügt.pdf;;Additional Cocktails SWE/NO;Highball;;Vodka;30;
Geting;pdf24_zusammengefügt.pdf;;Additional Cocktails SWE/NO;Highball;;Ginger Ale;;fill
Kelkka;pdf24_zusammengefügt.pdf;;Additional Cocktails FIN;Rocks;Build. Garnish: orange slice.;Finlandia Vodka;30;
Kelkka;pdf24_zusammengefügt.pdf;;Additional Cocktails FIN;Rocks;;De Kuyper Passion Fruit;20;
Kelkka;pdf24_zusammengefügt.pdf;;Additional Cocktails FIN;Rocks;;Orange Juice;80;
Paranoid;pdf24_zusammengefügt.pdf;;Additional Cocktails FIN;Highball;Shake & strain. Garnish: lemon wedge.;Gin;20;
Paranoid;pdf24_zusammengefügt.pdf;;Additional Cocktails FIN;Highball;;Blueberry Liqueur;30;
Paranoid;pdf24_zusammengefügt.pdf;;Additional Cocktails FIN;Highball;;Fresh Lemon Juice;30;
Paranoid;pdf24_zusammengefügt.pdf;;Additional Cocktails FIN;Highball;;Lingonberry Juice;10;
Paranoid;pdf24_zusammengefügt.pdf;;Additional Cocktails FIN;Highball;;Soda;;fill
Jallukola;pdf24_zusammengefügt.pdf;;Additional Cocktails FIN;Highball;Build. Garnish: lime wedge.;Jaloviina;40;
Jallukola;pdf24_zusammengefügt.pdf;;Additional Cocktails FIN;Highball;;Cola;;fill
Ville Vallaton;pdf24_zusammengefügt.pdf;;Additional Cocktails FIN;Highball;Build. Garnish: none.;Koskenkorva;20;
Ville Vallaton;pdf24_zusammengefügt.pdf;;Additional Cocktails FIN;Highball;;Triple Sec;20;
Ville Vallaton;pdf24_zusammengefügt.pdf;;Additional Cocktails FIN;Highball;;Sprite;;fill
Irma / HV;pdf24_zusammengefügt.pdf;;Additional Cocktails FIN;Highball;Muddle & build. Garnish: lemon wedge.;Lime Wedges;;wedge(s)
Irma / HV;pdf24_zusammengefügt.pdf;;Additional Cocktails FIN;Highball;;Vodka;50;
Irma / HV;pdf24_zusammengefügt.pdf;;Additional Cocktails FIN;Highball;;Sour Apple;20;
Irma / HV;pdf24_zusammengefügt.pdf;;Additional Cocktails FIN;Highball;;Soda/Sprite;;fill
Fresh Lemonade;pdf24_zusammengefügt.pdf;;Non-Alcoholic;Highball;Build. Garnish: orange slice.;Fresh Lemon Juice;60;
Fresh Lemonade;pdf24_zusammengefügt.pdf;;Non-Alcoholic;Highball;;Sugar Syrup;40;
Fresh Lemonade;pdf24_zusammengefügt.pdf;;Non-Alcoholic;Highball;;Soda;;fill
Arnold Palmer;pdf24_zusammengefügt.pdf;;Non-Alcoholic;Highball;Build. Garnish: lemon wheel.;English Breakfast Tea;60;
Arnold Palmer;pdf24_zusammengefügt.pdf;;Non-Alcoholic;Highball;;Fresh Lemon Juice;40;
Arnold Palmer;pdf24_zusammengefügt.pdf;;Non-Alcoholic;Highball;;Sugar Syrup;20;
Virgin Mojito / Nojito;pdf24_zusammengefügt.pdf;;Non-Alcoholic;Highball;Muddle, bash, build & churn. Garnish: mint sprig.;Lime Wedges;;4 wedges
Virgin Mojito / Nojito;pdf24_zusammengefügt.pdf;;Non-Alcoholic;Highball;;Sugar Syrup;20;
Virgin Mojito / Nojito;pdf24_zusammengefügt.pdf;;Non-Alcoholic;Highball;;Fresh Lime Juice;20;
Virgin Mojito / Nojito;pdf24_zusammengefügt.pdf;;Non-Alcoholic;Highball;;Mint Leaves;;8-12 leaves
Virgin Mojito / Nojito;pdf24_zusammengefügt.pdf;;Non-Alcoholic;Highball;;Soda;;top
Shirley Temple;pdf24_zusammengefügt.pdf;;Non-Alcoholic;Highball;Build. Garnish: cherry.;Grenadine;20;
Shirley Temple;pdf24_zusammengefügt.pdf;;Non-Alcoholic;Highball;;Ginger Ale;;fill
Virgin Mary;pdf24_zusammengefügt.pdf;;Non-Alcoholic;Highball;Roll & strain. Garnish: celery stalk.;Tomato Juice;100;
Virgin Mary;pdf24_zusammengefügt.pdf;;Non-Alcoholic;Highball;;Worcestershire Sauce;;3 dashes
Virgin Mary;pdf24_zusammengefügt.pdf;;Non-Alcoholic;Highball;;Tabasco;;3 dashes
Virgin Mary;pdf24_zusammengefügt.pdf;;Non-Alcoholic;Highball;;Celery Salt;;1 pinch
Virgin Mary;pdf24_zusammengefügt.pdf;;Non-Alcoholic;Highball;;Pepper;;1 pinch
Virgin Mary;pdf24_zusammengefügt.pdf;;Non-Alcoholic;Highball;;Fresh Lime Juice;10;
Bloody Mary;pdf24_zusammengefügt.pdf;;;Highball;Roll. Garnish: celery stalk.;Vodka;40;
Bloody Mary;pdf24_zusammengefügt.pdf;;;Highball;;Tomato Juice;80;
Bloody Mary;pdf24_zusammengefügt.pdf;;;Highball;;Worcestershire Sauce;;3 dashes
Bloody Mary;pdf24_zusammengefügt.pdf;;;Highball;;Tabasco;;3 dashes
Bloody Mary;pdf24_zusammengefügt.pdf;;;Highball;;Celery Salt;;1 pinch
Bloody Mary;pdf24_zusammengefügt.pdf;;;Highball;;Pepper;;1 pinch
Bloody Mary;pdf24_zusammengefügt.pdf;;;Highball;;Fresh Lime Juice;10;
Piña Colada;pdf24_zusammengefügt.pdf;;;Hurricane;Blended. Garnish: pineapple wedge & cherry.;Light Rum;60;
Piña Colada;pdf24_zusammengefügt.pdf;;;Hurricane;;Pineapple Juice;80;
Piña Colada;pdf24_zusammengefügt.pdf;;;Hurricane;;Heavy Cream;30;
Piña Colada;pdf24_zusammengefügt.pdf;;;Hurricane;;Coconut Cream/Milk;30;
Piña Colada;pdf24_zusammengefügt.pdf;;;Hurricane;;Crushed Ice;;1 scoop
Frozen Fruit Margarita;pdf24_zusammengefügt.pdf;;;Hurricane/Wine;Blended. Garnish: lime wedge & fruit piece.;Fruit;;as desired
Frozen Fruit Margarita;pdf24_zusammengefügt.pdf;;;Hurricane/Wine;;Tequila;30;
Frozen Fruit Margarita;pdf24_zusammengefügt.pdf;;;Hurricane/Wine;;Fruit Liqueur;20;
Frozen Fruit Margarita;pdf24_zusammengefügt.pdf;;;Hurricane/Wine;;Fresh Lime Juice;30;
Frozen Fruit Margarita;pdf24_zusammengefügt.pdf;;;Hurricane/Wine;;Sugar Syrup;10;
Frozen Fruit Margarita;pdf24_zusammengefügt.pdf;;;Hurricane/Wine;;Crushed Ice;;1 scoop
Strawberry Daiquiri;pdf24_zusammengefügt.pdf;;;Hurricane/Wine;Blended. Garnish: strawberry & sugar rim.;Light Rum;40;
Strawberry Daiquiri;pdf24_zusammengefügt.pdf;;;Hurricane/Wine;;Strawberry Liqueur;20;
Strawberry Daiquiri;pdf24_zusammengefügt.pdf;;;Hurricane/Wine;;Fresh Lime Juice;30;
Strawberry Daiquiri;pdf24_zusammengefügt.pdf;;;Hurricane/Wine;;Strawberry Puree;80;
Strawberry Daiquiri;pdf24_zusammengefügt.pdf;;;Hurricane/Wine;;Crushed Ice;;1 scoop
Irish Coffee;pdf24_zusammengefügt.pdf;;;Irish Coffee Mug;Build, stir & float. Garnish: 3 coffee beans.;Brown Sugar;;1 barspoon
Irish Coffee;pdf24_zusammengefügt.pdf;;;Irish Coffee Mug;;Tullamore Dew Irish Whiskey;40;
Irish Coffee;pdf24_zusammengefügt.pdf;;;Irish Coffee Mug;;Coffee;;fill
Irish Coffee;pdf24_zusammengefügt.pdf;;;Irish Coffee Mug;;Whipped Fresh Cream;;float
Spanish Coffee;pdf24_zusammengefügt.pdf;;;Irish Coffee Mug;Build, stir & float. Garnish: 3 coffee beans.;Licor 43;40;
Spanish Coffee;pdf24_zusammengefügt.pdf;;;Irish Coffee Mug;;Coffee;;fill
Spanish Coffee;pdf24_zusammengefügt.pdf;;;Irish Coffee Mug;;Whipped Fresh Cream;;float
Breakfast Martini;pdf24_zusammengefügt.pdf;;Additional Cocktails;Chilled Martini/Coupe;Shake & fine strain. Garnish: orange zest.;Gin;40;
Breakfast Martini;pdf24_zusammengefügt.pdf;;Additional Cocktails;Chilled Martini/Coupe;;Cointreau;20;
Breakfast Martini;pdf24_zusammengefügt.pdf;;Additional Cocktails;Chilled Martini/Coupe;;Lemon Juice;20;
Breakfast Martini;pdf24_zusammengefügt.pdf;;Additional Cocktails;Chilled Martini/Coupe;;Orange Marmalade;;1 barspoon
Charlie Chaplin;pdf24_zusammengefügt.pdf;;Additional Cocktails;Chilled Martini/Coupe;Shake & fine strain. Garnish: mint.;Sloe Gin;30;
Charlie Chaplin;pdf24_zusammengefügt.pdf;;Additional Cocktails;Chilled Martini/Coupe;;Apricot Brandy;30;
Charlie Chaplin;pdf24_zusammengefügt.pdf;;Additional Cocktails;Chilled Martini/Coupe;;Fresh Lime Juice;30;
Last Word;pdf24_zusammengefügt.pdf;;Additional Cocktails;Chilled Martini/Coupe;Shake & fine strain. Garnish: cherry.;Gin;20;
Last Word;pdf24_zusammengefügt.pdf;;Additional Cocktails;Chilled Martini/Coupe;;Maraschino;20;
Last Word;pdf24_zusammengefügt.pdf;;Additional Cocktails;Chilled Martini/Coupe;;Green Chartreuse;20;
Last Word;pdf24_zusammengefügt.pdf;;Additional Cocktails;Chilled Martini/Coupe;;Fresh Lime Juice;20;
Planters Punch (IBA Recipe #1);pdf24_zusammengefügt.pdf;;Additional Cocktails;Hurricane/Highball;Shake & strain. Garnish: mint sprig.;Angostura Bitters;;3 dashes
Planters Punch (IBA Recipe #1);pdf24_zusammengefügt.pdf;;Additional Cocktails;Hurricane/Highball;;Dark Rum;45;
Planters Punch (IBA Recipe #1);pdf24_zusammengefügt.pdf;;Additional Cocktails;Hurricane/Highball;;Fresh Lemon Juice;30;
Planters Punch (IBA Recipe #1);pdf24_zusammengefügt.pdf;;Additional Cocktails;Hurricane/Highball;;Grenadine;10;
Planters Punch (IBA Recipe #1);pdf24_zusammengefügt.pdf;;Additional Cocktails;Hurricane/Highball;;Sugar Syrup;10;
Planters Punch (IBA Recipe #1);pdf24_zusammengefügt.pdf;;Additional Cocktails;Hurricane/Highball;;Orange Juice;35;
Planters Punch (IBA Recipe #1);pdf24_zusammengefügt.pdf;;Additional Cocktails;Hurricane/Highball;;Pineapple Juice;35;
Planters Punch (IBA Recipe #2);pdf24_zusammengefügt.pdf;;Additional Cocktails;Highball;Build & stir. Garnish: lime wedge & mint sprig.;Angostura Bitters;;2 dashes
Planters Punch (IBA Recipe #2);pdf24_zusammengefügt.pdf;;Additional Cocktails;Highball;;Dark Rum;45;
Planters Punch (IBA Recipe #2);pdf24_zusammengefügt.pdf;;Additional Cocktails;Highball;;Cointreau;30;
Planters Punch (IBA Recipe #2);pdf24_zusammengefügt.pdf;;Additional Cocktails;Highball;;Fresh Lime Juice;20;
Planters Punch (IBA Recipe #2);pdf24_zusammengefügt.pdf;;Additional Cocktails;Highball;;Soda Water;;fill
Ramos Gin Fizz;pdf24_zusammengefügt.pdf;;Additional Cocktails;Highball;Dry shake, shake & fine strain. Garnish: none.;Gin;45;
Ramos Gin Fizz;pdf24_zusammengefügt.pdf;;Additional Cocktails;Highball;;Fresh Lemon Juice;15;
Ramos Gin Fizz;pdf24_zusammengefügt.pdf;;Additional Cocktails;Highball;;Fresh Lime Juice;15;
Ramos Gin Fizz;pdf24_zusammengefügt.pdf;;Additional Cocktails;Highball;;Sugar Syrup;8;
Ramos Gin Fizz;pdf24_zusammengefügt.pdf;;Additional Cocktails;Highball;;Cream;30;
Ramos Gin Fizz;pdf24_zusammengefügt.pdf;;Additional Cocktails;Highball;;Orange Flower Water;;3 drops
Ramos Gin Fizz;pdf24_zusammengefügt.pdf;;Additional Cocktails;Highball;;Egg White;;1
Ramos Gin Fizz;pdf24_zusammengefügt.pdf;;Additional Cocktails;Highball;;Soda Water;;fill
Pisco Sour;pdf24_zusammengefügt.pdf;;Additional Cocktails;Sour Glass;Dry shake, shake & strain / fine strain. Garnish: none.;Pisco;60;
Pisco Sour;pdf24_zusammengefügt.pdf;;Additional Cocktails;Sour Glass;;Fresh Lemon Juice;30;
Pisco Sour;pdf24_zusammengefügt.pdf;;Additional Cocktails;Sour Glass;;Sugar Syrup;15;
Pisco Sour;pdf24_zusammengefügt.pdf;;Additional Cocktails;Sour Glass;;Egg White;;1
Corpse Reviver #2;pdf24_zusammengefügt.pdf;;Additional Cocktails;Chilled Martini/Coupe;Shake & fine strain. Garnish: none.;Gin;30;
Corpse Reviver #2;pdf24_zusammengefügt.pdf;;Additional Cocktails;Chilled Martini/Coupe;;Cointreau;20;
Corpse Reviver #2;pdf24_zusammengefügt.pdf;;Additional Cocktails;Chilled Martini/Coupe;;Lillet Blanc;20;
Corpse Reviver #2;pdf24_zusammengefügt.pdf;;Additional Cocktails;Chilled Martini/Coupe;;Fresh Lemon Juice;20;
Corpse Reviver #2;pdf24_zusammengefügt.pdf;;Additional Cocktails;Chilled Martini/Coupe;;Absinthe;20;
Moon Jellyfish;BOP Cocktails.pdf;;BOP Signature;Jellyfish Cup;Shake & double strain. Garnish: flower.;Bacardi;35;
Moon Jellyfish;BOP Cocktails.pdf;;BOP Signature;Jellyfish Cup;;Lime;20;
Moon Jellyfish;BOP Cocktails.pdf;;BOP Signature;Jellyfish Cup;;Pimento Dram;15;
Moon Jellyfish;BOP Cocktails.pdf;;BOP Signature;Jellyfish Cup;;Grapefruit Juice;15;
Moon Jellyfish;BOP Cocktails.pdf;;BOP Signature;Jellyfish Cup;;Sugar;10;
Moon Jellyfish;BOP Cocktails.pdf;;BOP Signature;Jellyfish Cup;;Passion Fruit;;1 piece
Kumquat Caipirinha;BOP Cocktails.pdf;;BOP Signature;Rock Glass;Muddle & build. Garnish: slices kumquat.;Kumquat;;4 pc
Kumquat Caipirinha;BOP Cocktails.pdf;;BOP Signature;Rock Glass;;Chinkels Top;;
Kumquat Caipirinha;BOP Cocktails.pdf;;BOP Signature;Rock Glass;;Brown Sugar;;2 spoon
Kumquat Caipirinha;BOP Cocktails.pdf;;BOP Signature;Rock Glass;;Bombay/Sugar;10;
Kumquat Caipirinha;BOP Cocktails.pdf;;BOP Signature;Rock Glass;;Lime Juice;20;
Spicy Strawberry;BOP Cocktails.pdf;;BOP Signature;Rock Glass;Shake & double strain. Chilly rim.;Tequila;40;
Spicy Strawberry;BOP Cocktails.pdf;;BOP Signature;Rock Glass;;Lime Juice;20;
Spicy Strawberry;BOP Cocktails.pdf;;BOP Signature;Rock Glass;;Strawberry Puree;30;
Spicy Strawberry;BOP Cocktails.pdf;;BOP Signature;Rock Glass;;Sugar;10;
Passionfruit Paloma;BOP Cocktails.pdf;;BOP Signature;Highball;Shake & double strain, top. Grapefruit dry.;Calle 23;50;
Passionfruit Paloma;BOP Cocktails.pdf;;BOP Signature;Highball;;Passionfruit Puree;20;
Passionfruit Paloma;BOP Cocktails.pdf;;BOP Signature;Highball;;Passionfruit Liqueur;20;
Passionfruit Paloma;BOP Cocktails.pdf;;BOP Signature;Highball;;Grapefruit Juice;20;
Passionfruit Paloma;BOP Cocktails.pdf;;BOP Signature;Highball;;Lime Juice;10;
Passionfruit Paloma;BOP Cocktails.pdf;;BOP Signature;Highball;;Sugar;10;
Passionfruit Paloma;BOP Cocktails.pdf;;BOP Signature;Highball;;Pinch of Salt;;pinch
Passionfruit Paloma;BOP Cocktails.pdf;;BOP Signature;Highball;;Top Soda;;top
Basil Cucumber Martini;BOP Cocktails.pdf;;BOP Signature;Martini Glass;Muddle & shake, double strain. Garnish: flower.;Bombay;50;
Basil Cucumber Martini;BOP Cocktails.pdf;;BOP Signature;Martini Glass;;Cucumber Syrup;15;
Basil Cucumber Martini;BOP Cocktails.pdf;;BOP Signature;Martini Glass;;Basil Leaf;;6
Basil Cucumber Martini;BOP Cocktails.pdf;;BOP Signature;Martini Glass;;Cucumber;;4/5 pc
Basil Cucumber Martini;BOP Cocktails.pdf;;BOP Signature;Martini Glass;;Lemon;20;
Mojito Royal;BOP Cocktails.pdf;;BOP Low Alcohol;Highball;Build. Garnish: mint.;Bacardi;30;
Mojito Royal;BOP Cocktails.pdf;;BOP Low Alcohol;Highball;;Lime;30;
Mojito Royal;BOP Cocktails.pdf;;BOP Low Alcohol;Highball;;Sugar;30;
Mojito Royal;BOP Cocktails.pdf;;BOP Low Alcohol;Highball;;Mint;;
Mojito Royal;BOP Cocktails.pdf;;BOP Low Alcohol;Highball;;Top Cava;;top
Kombucha Cooler;BOP Cocktails.pdf;;BOP Low Alcohol;Wine Glass;Build.;Kombucha;40;
Kombucha Cooler;BOP Cocktails.pdf;;BOP Low Alcohol;Wine Glass;;Lime;10;
Kombucha Cooler;BOP Cocktails.pdf;;BOP Low Alcohol;Wine Glass;;Mint;;
Kombucha Cooler;BOP Cocktails.pdf;;BOP Low Alcohol;Wine Glass;;Top with Wine;;top
Cosmopolitan;BOP Cocktails.pdf;;BOP;Martini Glass;Shake. Garnish: orange with flaming.;Citron Vodka;50;
Cosmopolitan;BOP Cocktails.pdf;;BOP;Martini Glass;;Lime Juice;20;
Cosmopolitan;BOP Cocktails.pdf;;BOP;Martini Glass;;Cointreau;15;
Cosmopolitan;BOP Cocktails.pdf;;BOP;Martini Glass;;Cranberry Juice;20;
Espresso Martini;BOP Cocktails.pdf;;BOP;Martini Glass;Shake. Garnish: coffee beans.;Vodka;50;
Espresso Martini;BOP Cocktails.pdf;;BOP;Martini Glass;;Espresso;60;
Espresso Martini;BOP Cocktails.pdf;;BOP;Martini Glass;;Kahlua;20;
BOP Bellini;BOP Cocktails.pdf;;BOP;Champagne Glass;Build. Garnish: flower.;Peach Puree;40;
BOP Bellini;BOP Cocktails.pdf;;BOP;Champagne Glass;;Top Cava;;top
Mai Tai;BOP Cocktails.pdf;;BOP;Highball;Shake & double strain. Garnish: mint & dry lime.;Havana;40;
Mai Tai;BOP Cocktails.pdf;;BOP;Highball;;Bacardi;20;
Mai Tai;BOP Cocktails.pdf;;BOP;Highball;;Cointreau;10;
Mai Tai;BOP Cocktails.pdf;;BOP;Highball;;Amaretto Syrup;15;
Mai Tai;BOP Cocktails.pdf;;BOP;Highball;;Lime Juice;15;
Manhattan;BOP Cocktails.pdf;;BOP;Martini Glass;Stir. Garnish: orange peel.;Rye Whisky;50;
Manhattan;BOP Cocktails.pdf;;BOP;Martini Glass;;Sweet Vermouth;25;
Manhattan;BOP Cocktails.pdf;;BOP;Martini Glass;;Angostura Bitters;;2 dashes
Manhattan;BOP Cocktails.pdf;;BOP;Martini Glass;;Maraschino;;maraschino cherry
Sours;BOP Cocktails.pdf;;BOP;Rock Glass;Shake.;Bourbon/Amaretto/Pisco/Gin;60;
Sours;BOP Cocktails.pdf;;BOP;Rock Glass;;Lemon Juice;30;
Sours;BOP Cocktails.pdf;;BOP;Rock Glass;;Sugar Syrup;20;
Sours;BOP Cocktails.pdf;;BOP;Rock Glass;;Egg White;10;
Dry Martini;BOP Cocktails.pdf;;BOP;Martini Glass;Stir. Garnish: lemon/olives.;Dry Gin;60;
Dry Martini;BOP Cocktails.pdf;;BOP;Martini Glass;;Dry Vermouth;;barspoon
Pimm's;BOP Cocktails.pdf;;BOP;Highball;Build.;Pimm's;50;
Pimm's;BOP Cocktails.pdf;;BOP;Highball;;Top Lemonade;;top
Pimm's;BOP Cocktails.pdf;;BOP;Highball;;Cucumber/Mint/Orange/Lemon/Lime;;garnish
Pornstar Martini;BOP Cocktails.pdf;;BOP;Martini Glass;Shake. Garnish: half passion fruit, shot Prosecco.;Vanilla Vodka;50;
Pornstar Martini;BOP Cocktails.pdf;;BOP;Martini Glass;;Passion Fruit;30;
Pornstar Martini;BOP Cocktails.pdf;;BOP;Martini Glass;;Vanilla Syrup;10;
Pornstar Martini;BOP Cocktails.pdf;;BOP;Martini Glass;;Passoa;10;
Pornstar Martini;BOP Cocktails.pdf;;BOP;Martini Glass;;Lemon Juice;10;
Basil Spritz;BOP Cocktails.pdf;;BOP;Highball;Muddle and shake. Top with soda & lemon dry.;White Wine;30;
Basil Spritz;BOP Cocktails.pdf;;BOP;Highball;;D.O.M.;20;
Basil Spritz;BOP Cocktails.pdf;;BOP;Highball;;Lemongrass Stem;;1
Basil Spritz;BOP Cocktails.pdf;;BOP;Highball;;Sugar;10;
Basil Spritz;BOP Cocktails.pdf;;BOP;Highball;;Strawberry Puree;30;
Basil Spritz;BOP Cocktails.pdf;;BOP;Highball;;Watermelon;;4/5 pc
Basil Spritz;BOP Cocktails.pdf;;BOP;Highball;;Basil;;6/7
Basil Spritz;BOP Cocktails.pdf;;BOP;Highball;;Top Ginger Ale;;top
Vanilla Rose Champagne;BOP Cocktails.pdf;;BOP;Champagne Glass;Build. Garnish: flower.;Vanilla Syrup;15;
Vanilla Rose Champagne;BOP Cocktails.pdf;;BOP;Champagne Glass;;Rose Syrup;10;
Vanilla Rose Champagne;BOP Cocktails.pdf;;BOP;Champagne Glass;;Top Sparkling Wine;;top
Ginger Pot;BOP Cocktails.pdf;;BOP 0% Alcohol;Wine Glass;Build. Garnish: mint lemon dry.;Green Tea;120;
Ginger Pot;BOP Cocktails.pdf;;BOP 0% Alcohol;Wine Glass;;Ginger Syrup;20;
Ginger Pot;BOP Cocktails.pdf;;BOP 0% Alcohol;Wine Glass;;Lemon Juice;30;
Ginger Pot;BOP Cocktails.pdf;;BOP 0% Alcohol;Wine Glass;;Honey;20;
Ginger Pot;BOP Cocktails.pdf;;BOP 0% Alcohol;Wine Glass;;Mint;;
Ginger Pot;BOP Cocktails.pdf;;BOP 0% Alcohol;Wine Glass;;Ginger Slices;;4 pc
Ginger Pot;BOP Cocktails.pdf;;BOP 0% Alcohol;Wine Glass;;Soda Top;;top
Cucumber Fizz;BOP Cocktails.pdf;;BOP 0% Alcohol;Highball;Muddle & shake/double strain. Garnish: cucumber.;Seedlip;50;
Cucumber Fizz;BOP Cocktails.pdf;;BOP 0% Alcohol;Highball;;Cucumber Syrup;20;
Cucumber Fizz;BOP Cocktails.pdf;;BOP 0% Alcohol;Highball;;Lemon Juice;20;
Cucumber Fizz;BOP Cocktails.pdf;;BOP 0% Alcohol;Highball;;Egg White;10;
Cucumber Fizz;BOP Cocktails.pdf;;BOP 0% Alcohol;Highball;;Cucumber;;4 pc
Cucumber Fizz;BOP Cocktails.pdf;;BOP 0% Alcohol;Highball;;Top Soda;;top
Peace of Nature;BOP Cocktails.pdf;;BOP 0% Alcohol;Wine Glass;Build. Garnish: orange dry & mint.;Kombucha;40;
Peace of Nature;BOP Cocktails.pdf;;BOP 0% Alcohol;Wine Glass;;Lime;20;
Peace of Nature;BOP Cocktails.pdf;;BOP 0% Alcohol;Wine Glass;;Tropical Juice;80;
Negroni;BOP Cocktails.pdf;;BOP Classic;Rocks;Stir. Garnish: orange peel.;Gin;30;
Negroni;BOP Cocktails.pdf;;BOP Classic;Rocks;;Campari;30;
Negroni;BOP Cocktails.pdf;;BOP Classic;Rocks;;Sweet Vermouth;30;
Daiquiri;BOP Cocktails.pdf;;BOP Classic;Martini Glass;Shake.;Bacardi;60;
Daiquiri;BOP Cocktails.pdf;;BOP Classic;Martini Glass;;Lime Juice;30;
Daiquiri;BOP Cocktails.pdf;;BOP Classic;Martini Glass;;Sugar;20;
Margarita;BOP Cocktails.pdf;;BOP Classic;Martini Glass;Shake. Salt rim.;Tequila;50;
Margarita;BOP Cocktails.pdf;;BOP Classic;Martini Glass;;Cointreau;20;
Margarita;BOP Cocktails.pdf;;BOP Classic;Martini Glass;;Lime;30;
